{
  "apkFileName": "app (7) (1)_src.apk",
  "PackageInfo": {
    "forcedPackageId": "127",
    "renameManifestPackage": null
  },
  "doNotCompress": [
    "resources.arsc",
    "assets/dexopt/baseline.prof",
    "assets/dexopt/baseline.profm",
    "webp",
    "png",
    "jpg"
  ],
  "compressionType": false,
  "sparseResources": false,
  "version": "2.4.0-250627",
  "sharedLibrary": false,
  "VersionInfo": {
    "versionName": "1.0",
    "versionCode": "1"
  },
  "UsesFramework": {
    "ids": [1],
    "tag": null
  },
  "unknownFiles": {
    "META-INF/kotlinx_coroutines_core.version": "8",
    "play-services-tasks.properties": "8",
    "META-INF/androidx.localbroadcastmanager_localbroadcastmanager.version": "8",
    "META-INF/androidx.lifecycle_lifecycle-livedata-core.version": "8",
    "META-INF/androidx.profileinstaller_profileinstaller.version": "8",
    "META-INF/androidx.lifecycle_lifecycle-viewmodel-savedstate.version": "8",
    "META-INF/androidx.transition_transition.version": "8",
    "META-INF/androidx.work_work-runtime.version": "8",
    "META-INF/androidx.appcompat_appcompat.version": "8",
    "META-INF/androidx.cursoradapter_cursoradapter.version": "8",
    "META-INF/androidx.annotation_annotation-experimental.version": "8",
    "META-INF/androidx.lifecycle_lifecycle-service.version": "8",
    "META-INF/androidx.drawerlayout_drawerlayout.version": "8",
    "META-INF/androidx.print_print.version": "8",
    "DebugProbesKt.bin": "8",
    "META-INF/androidx.versionedparcelable_versionedparcelable.version": "8",
    "META-INF/androidx.savedstate_savedstate.version": "8",
    "META-INF/androidx.interpolator_interpolator.version": "8",
    "META-INF/androidx.fragment_fragment.version": "8",
    "META-INF/androidx.lifecycle_lifecycle-process.version": "8",
    "META-INF/androidx.activity_activity.version": "8",
    "META-INF/androidx.customview_customview.version": "8",
    "META-INF/kotlinx_coroutines_android.version": "8",
    "META-INF/androidx.documentfile_documentfile.version": "8",
    "META-INF/androidx.sqlite_sqlite.version": "8",
    "META-INF/com/android/build/gradle/app-metadata.properties": "8",
    "META-INF/androidx.legacy_legacy-support-core-utils.version": "8",
    "META-INF/androidx.vectordrawable_vectordrawable.version": "8",
    "META-INF/androidx.loader_loader.version": "8",
    "META-INF/androidx.lifecycle_lifecycle-livedata.version": "8",
    "META-INF/kotlinx_coroutines_play_services.version": "8",
    "META-INF/androidx.lifecycle_lifecycle-runtime.version": "8",
    "META-INF/androidx.room_room-runtime.version": "8",
    "META-INF/androidx/constraintlayout/constraintlayout-core/LICENSE.txt": "8",
    "firebase-annotations.properties": "8",
    "META-INF/androidx.appcompat_appcompat-resources.version": "8",
    "META-INF/androidx.core_core-ktx.version": "8",
    "META-INF/androidx.sqlite_sqlite-framework.version": "8",
    "META-INF/androidx.viewpager_viewpager.version": "8",
    "META-INF/androidx.constraintlayout_constraintlayout.version": "8",
    "META-INF/androidx.lifecycle_lifecycle-viewmodel.version": "8",
    "META-INF/androidx.emoji2_emoji2-views-helper.version": "8",
    "META-INF/androidx.recyclerview_recyclerview.version": "8",
    "META-INF/androidx.core_core.version": "8",
    "play-services-basement.properties": "8",
    "META-INF/androidx.arch.core_core-runtime.version": "8",
    "META-INF/androidx.tracing_tracing.version": "8",
    "META-INF/androidx.emoji2_emoji2.version": "8",
    "firebase-auth-interop.properties": "8",
    "META-INF/version-control-info.textproto": "8",
    "META-INF/androidx.vectordrawable_vectordrawable-animated.version": "8",
    "META-INF/androidx.cardview_cardview.version": "8",
    "firebase-database-collection.properties": "8",
    "META-INF/androidx.startup_startup-runtime.version": "8",
    "play-services-base.properties": "8",
    "META-INF/androidx.coordinatorlayout_coordinatorlayout.version": "8",
    "META-INF/androidx.dynamicanimation_dynamicanimation.version": "8",
    "META-INF/androidx.viewpager2_viewpager2.version": "8",
    "META-INF/com.google.android.material_material.version": "8"
  },
  "apkFilePath": "/storage/emulated/0/newcc/app (7) (1).apk",
  "compactEntries": false,
  "isFrameworkApk": false,
  "sdkInfo": {
    "minSdkVersion": "24",
    "targetSdkVersion": "34"
  }
}